Workbook

Sheet OEE总综合效率表
A1: 2022年6月---KAPP-02---工程设备总合效率管理表 | AS1: 核准 | AT1: 审核 | AU1: 编制
A3: 日期 | B3: 统计拦位 | AH3: 运算栏位
B4: A | C4: B | D4: C | E4: D | F4: E | G4: F | H4: G | I4: H | K4: 其他停止时间 I (现场人工) | AB4: J | AC4: J.1 | AD4: K | AE4: K.1 | AF4: L | AG4: M | AH4: O | AI4: P | AJ4: Q | AK4: R | AL4: S | AM4: T | AN4: U | AO4: V | AP4: W | AQ4: X | AR4: Y | AS4: X.1 | AT4: Y.1 | AU4: Z
B5: 生产计划时间 | C5: 计划产出件数 | D5: 实际产出件数 | E5: 产出标准工时合计 | F5: 不良品件数 | G5: 特采 件数 | H5: 生管计划停机时间 | I5: 实际计划停机时间 | J5: 连线计划停机时间 | K5: 绿灯暖机 | L5: 设备保养 | M5: 欠料等待 | N5: 物料返修 | O5: 生技试模 | P5: 共用刀具模具等待 | Q5: 刀具调试更换 | R5: 停机换模 | S5: 单模拆装 | T5: 换砂轮/夹头 | U5: 停机测量等待 | V5: 首件调整 | W5: 上下料干涉等待 | X5: 带教/人员不足 | Y5: 其 他 | Z5: 未填 | AA5: 合计 | AB5: 设备故障时间 (现场人工) | AC5: 设备故障时间 (设备管理系统) | AD5: 设备故障次数 (现场人工) | AE5: 设备故障次数 (设备管理系统) | AF5: 设备修理时间 (设备管理系统) | AG5: 设备修理次数 (设备管理系统) | AH5: 计划 稼动率 | AI5: 负荷 时间 | AJ5: 实际稼动时间 | AK5: 良品 件数 | AL5: 良品率 ≧95% | AM5: 设备可动率 ≧95% | AN5: 性能稼动率 ≧95% | AO5: 时间稼动率 ≧95% | AP5: OEE≧85% | AQ5: MTBF (分) (现场人工) | AR5: MTTR (分) (现场人工) | AS5: MTBF (分) (设备管理系统) | AT5: MTTR (分) (设备管理系统) | AU5: MTR (分) (设备管理系统) | AV5: 备注
B6: 分 | C6: 件 | D6: 件 | E6: 分 | F6: 件 | G6: 件 | H6: 分 | I6: 分 | J6: 分 | K6: 分 | L6: 分 | M6: 分 | N6: 分 | O6: 分 | P6: 分 | Q6: 分 | R6: 分 | S6: 分 | T6: 分 | U6: 分 | V6: 分 | W6: 分 | X6: 分 | Y6: 分 | Z6: 分 | AA6: 分 | AB6: 分 | AC6: 分 | AD6: 次 | AE6: 次 | AF6: 分 | AG6: 次 | AH6: (A-G)/A | AI6: A-H | AJ6: P-I-J | AK6: C-E | AL6: R/C | AM6: (P-J)/P | AN6: D/Q | AO6: Q/P | AP6: S*U*V | AQ6: P/K | AR6: J/K | AS6: P/K.1 | AT6: J.1/K.1 | AU6: L/M
A7: 1 | AA7: =IF(D7=0,0,SUM(K7:Z7)) -> 0 | AH7: =IF(H7=1440,"0%",(B7-H7)/B7) -> #DIV/0! | AI7: =IF(D7=0,0,B7-I7) -> 0 | AJ7: =AI7-AA7-AB7 -> 0 | AK7: =D7-F7 -> 0 | AL7: =IF(D7=0,"0%",AK7/D7) -> 0% | AM7: =IF(AI7=0,"0%",(AI7-AB7)/AI7) -> 0% | AN7: =IF(AI7=0,"0%",E7/AJ7) -> 0% | AO7: =IF(AI7=0,"0%",AJ7/AI7) -> 0% | AP7: =AL7*AN7*AO7 -> 0 | AQ7: =IF(AD7=0,"-",AI7/AD7) -> - | AR7: =IF(AD7=0,"-",AB7/AD7) -> - | AS7: =IF(AE7=0,"-",AI7/AE7) -> - | AT7: =IF(AE7=0,"-",AC7/AE7) -> - | AU7: =IF(AG7=0,"-",AF7/AG7) -> -
A8: 2 | AA8: =IF(D8=0,0,SUM(K8:Z8)) -> 0 | AH8: =IF(H8=1440,"0%",(B8-H8)/B8) -> #DIV/0! | AI8: =IF(D8=0,0,B8-I8) -> 0 | AJ8: =AI8-AA8-AB8 -> 0 | AK8: =D8-F8 -> 0 | AL8: =IF(D8=0,"0%",AK8/D8) -> 0% | AM8: =IF(AI8=0,"0%",(AI8-AB8)/AI8) -> 0% | AN8: =IF(AI8=0,"0%",E8/AJ8) -> 0% | AO8: =IF(AI8=0,"0%",AJ8/AI8) -> 0% | AP8: =AL8*AN8*AO8 -> 0 | AQ8: =IF(AD8=0,"-",AI8/AD8) -> - | AR8: =IF(AD8=0,"-",AB8/AD8) -> - | AS8: =IF(AE8=0,"-",AI8/AE8) -> - | AT8: =IF(AE8=0,"-",AC8/AE8) -> - | AU8: =IF(AG8=0,"-",AF8/AG8) -> -
A9: 3 | AA9: =IF(D9=0,0,SUM(K9:Z9)) -> 0 | AH9: =IF(H9=1440,"0%",(B9-H9)/B9) -> #DIV/0! | AI9: =IF(D9=0,0,B9-I9) -> 0 | AJ9: =AI9-AA9-AB9 -> 0 | AK9: =D9-F9 -> 0 | AL9: =IF(D9=0,"0%",AK9/D9) -> 0% | AM9: =IF(AI9=0,"0%",(AI9-AB9)/AI9) -> 0% | AN9: =IF(AI9=0,"0%",E9/AJ9) -> 0% | AO9: =IF(AI9=0,"0%",AJ9/AI9) -> 0% | AP9: =AL9*AN9*AO9 -> 0 | AQ9: =IF(AD9=0,"-",AI9/AD9) -> - | AR9: =IF(AD9=0,"-",AB9/AD9) -> - | AS9: =IF(AE9=0,"-",AI9/AE9) -> - | AT9: =IF(AE9=0,"-",AC9/AE9) -> - | AU9: =IF(AG9=0,"-",AF9/AG9) -> -
A10: 4 | AA10: =IF(D10=0,0,SUM(K10:Z10)) -> 0 | AH10: =IF(H10=1440,"0%",(B10-H10)/B10) -> #DIV/0! | AI10: =IF(D10=0,0,B10-I10) -> 0 | AJ10: =AI10-AA10-AB10 -> 0 | AK10: =D10-F10 -> 0 | AL10: =IF(D10=0,"0%",AK10/D10) -> 0% | AM10: =IF(AI10=0,"0%",(AI10-AB10)/AI10) -> 0% | AN10: =IF(AI10=0,"0%",E10/AJ10) -> 0% | AO10: =IF(AI10=0,"0%",AJ10/AI10) -> 0% | AP10: =AL10*AN10*AO10 -> 0 | AQ10: =IF(AD10=0,"-",AI10/AD10) -> - | AR10: =IF(AD10=0,"-",AB10/AD10) -> - | AS10: =IF(AE10=0,"-",AI10/AE10) -> - | AT10: =IF(AE10=0,"-",AC10/AE10) -> - | AU10: =IF(AG10=0,"-",AF10/AG10) -> -
A11: 5 | AA11: =IF(D11=0,0,SUM(K11:Z11)) -> 0 | AH11: =IF(H11=1440,"0%",(B11-H11)/B11) -> #DIV/0! | AI11: =IF(D11=0,0,B11-I11) -> 0 | AJ11: =AI11-AA11-AB11 -> 0 | AK11: =D11-F11 -> 0 | AL11: =IF(D11=0,"0%",AK11/D11) -> 0% | AM11: =IF(AI11=0,"0%",(AI11-AB11)/AI11) -> 0% | AN11: =IF(AI11=0,"0%",E11/AJ11) -> 0% | AO11: =IF(AI11=0,"0%",AJ11/AI11) -> 0% | AP11: =AL11*AN11*AO11 -> 0 | AQ11: =IF(AD11=0,"-",AI11/AD11) -> - | AR11: =IF(AD11=0,"-",AB11/AD11) -> - | AS11: =IF(AE11=0,"-",AI11/AE11) -> - | AT11: =IF(AE11=0,"-",AC11/AE11) -> - | AU11: =IF(AG11=0,"-",AF11/AG11) -> -
A12: 6 | AA12: =IF(D12=0,0,SUM(K12:Z12)) -> 0 | AH12: =IF(H12=1440,"0%",(B12-H12)/B12) -> #DIV/0! | AI12: =IF(D12=0,0,B12-I12) -> 0 | AJ12: =AI12-AA12-AB12 -> 0 | AK12: =D12-F12 -> 0 | AL12: =IF(D12=0,"0%",AK12/D12) -> 0% | AM12: =IF(AI12=0,"0%",(AI12-AB12)/AI12) -> 0% | AN12: =IF(AI12=0,"0%",E12/AJ12) -> 0% | AO12: =IF(AI12=0,"0%",AJ12/AI12) -> 0% | AP12: =AL12*AN12*AO12 -> 0 | AQ12: =IF(AD12=0,"-",AI12/AD12) -> - | AR12: =IF(AD12=0,"-",AB12/AD12) -> - | AS12: =IF(AE12=0,"-",AI12/AE12) -> - | AT12: =IF(AE12=0,"-",AC12/AE12) -> - | AU12: =IF(AG12=0,"-",AF12/AG12) -> -
A13: 7 | AA13: =IF(D13=0,0,SUM(K13:Z13)) -> 0 | AH13: =IF(H13=1440,"0%",(B13-H13)/B13) -> #DIV/0! | AI13: =IF(D13=0,0,B13-I13) -> 0 | AJ13: =AI13-AA13-AB13 -> 0 | AK13: =D13-F13 -> 0 | AL13: =IF(D13=0,"0%",AK13/D13) -> 0% | AM13: =IF(AI13=0,"0%",(AI13-AB13)/AI13) -> 0% | AN13: =IF(AI13=0,"0%",E13/AJ13) -> 0% | AO13: =IF(AI13=0,"0%",AJ13/AI13) -> 0% | AP13: =AL13*AN13*AO13 -> 0 | AQ13: =IF(AD13=0,"-",AI13/AD13) -> - | AR13: =IF(AD13=0,"-",AB13/AD13) -> - | AS13: =IF(AE13=0,"-",AI13/AE13) -> - | AT13: =IF(AE13=0,"-",AC13/AE13) -> - | AU13: =IF(AG13=0,"-",AF13/AG13) -> -
A14: 8 | AA14: =IF(D14=0,0,SUM(K14:Z14)) -> 0 | AH14: =IF(H14=1440,"0%",(B14-H14)/B14) -> #DIV/0! | AI14: =IF(D14=0,0,B14-I14) -> 0 | AJ14: =AI14-AA14-AB14 -> 0 | AK14: =D14-F14 -> 0 | AL14: =IF(D14=0,"0%",AK14/D14) -> 0% | AM14: =IF(AI14=0,"0%",(AI14-AB14)/AI14) -> 0% | AN14: =IF(AI14=0,"0%",E14/AJ14) -> 0% | AO14: =IF(AI14=0,"0%",AJ14/AI14) -> 0% | AP14: =AL14*AN14*AO14 -> 0 | AQ14: =IF(AD14=0,"-",AI14/AD14) -> - | AR14: =IF(AD14=0,"-",AB14/AD14) -> - | AS14: =IF(AE14=0,"-",AI14/AE14) -> - | AT14: =IF(AE14=0,"-",AC14/AE14) -> - | AU14: =IF(AG14=0,"-",AF14/AG14) -> -
A15: 9 | AA15: =IF(D15=0,0,SUM(K15:Z15)) -> 0 | AH15: =IF(H15=1440,"0%",(B15-H15)/B15) -> #DIV/0! | AI15: =IF(D15=0,0,B15-I15) -> 0 | AJ15: =AI15-AA15-AB15 -> 0 | AK15: =D15-F15 -> 0 | AL15: =IF(D15=0,"0%",AK15/D15) -> 0% | AM15: =IF(AI15=0,"0%",(AI15-AB15)/AI15) -> 0% | AN15: =IF(AI15=0,"0%",E15/AJ15) -> 0% | AO15: =IF(AI15=0,"0%",AJ15/AI15) -> 0% | AP15: =AL15*AN15*AO15 -> 0 | AQ15: =IF(AD15=0,"-",AI15/AD15) -> - | AR15: =IF(AD15=0,"-",AB15/AD15) -> - | AS15: =IF(AE15=0,"-",AI15/AE15) -> - | AT15: =IF(AE15=0,"-",AC15/AE15) -> - | AU15: =IF(AG15=0,"-",AF15/AG15) -> -
A16: 10 | AA16: =IF(D16=0,0,SUM(K16:Z16)) -> 0 | AH16: =IF(H16=1440,"0%",(B16-H16)/B16) -> #DIV/0! | AI16: =IF(D16=0,0,B16-I16) -> 0 | AJ16: =AI16-AA16-AB16 -> 0 | AK16: =D16-F16 -> 0 | AL16: =IF(D16=0,"0%",AK16/D16) -> 0% | AM16: =IF(AI16=0,"0%",(AI16-AB16)/AI16) -> 0% | AN16: =IF(AI16=0,"0%",E16/AJ16) -> 0% | AO16: =IF(AI16=0,"0%",AJ16/AI16) -> 0% | AP16: =AL16*AN16*AO16 -> 0 | AQ16: =IF(AD16=0,"-",AI16/AD16) -> - | AR16: =IF(AD16=0,"-",AB16/AD16) -> - | AS16: =IF(AE16=0,"-",AI16/AE16) -> - | AT16: =IF(AE16=0,"-",AC16/AE16) -> - | AU16: =IF(AG16=0,"-",AF16/AG16) -> -
A17: 11 | AA17: =IF(D17=0,0,SUM(K17:Z17)) -> 0 | AH17: =IF(H17=1440,"0%",(B17-H17)/B17) -> #DIV/0! | AI17: =IF(D17=0,0,B17-I17) -> 0 | AJ17: =AI17-AA17-AB17 -> 0 | AK17: =D17-F17 -> 0 | AL17: =IF(D17=0,"0%",AK17/D17) -> 0% | AM17: =IF(AI17=0,"0%",(AI17-AB17)/AI17) -> 0% | AN17: =IF(AI17=0,"0%",E17/AJ17) -> 0% | AO17: =IF(AI17=0,"0%",AJ17/AI17) -> 0% | AP17: =AL17*AN17*AO17 -> 0 | AQ17: =IF(AD17=0,"-",AI17/AD17) -> - | AR17: =IF(AD17=0,"-",AB17/AD17) -> - | AS17: =IF(AE17=0,"-",AI17/AE17) -> - | AT17: =IF(AE17=0,"-",AC17/AE17) -> - | AU17: =IF(AG17=0,"-",AF17/AG17) -> -
A18: 12 | AA18: =IF(D18=0,0,SUM(K18:Z18)) -> 0 | AH18: =IF(H18=1440,"0%",(B18-H18)/B18) -> #DIV/0! | AI18: =IF(D18=0,0,B18-I18) -> 0 | AJ18: =AI18-AA18-AB18 -> 0 | AK18: =D18-F18 -> 0 | AL18: =IF(D18=0,"0%",AK18/D18) -> 0% | AM18: =IF(AI18=0,"0%",(AI18-AB18)/AI18) -> 0% | AN18: =IF(AI18=0,"0%",E18/AJ18) -> 0% | AO18: =IF(AI18=0,"0%",AJ18/AI18) -> 0% | AP18: =AL18*AN18*AO18 -> 0 | AQ18: =IF(AD18=0,"-",AI18/AD18) -> - | AR18: =IF(AD18=0,"-",AB18/AD18) -> - | AS18: =IF(AE18=0,"-",AI18/AE18) -> - | AT18: =IF(AE18=0,"-",AC18/AE18) -> - | AU18: =IF(AG18=0,"-",AF18/AG18) -> -
... A37: 31 | AA37: =IF(D37=0,0,SUM(K37:Z37)) -> 0 | AH37: =IF(H37=1440,"0%",(B37-H37)/B37) -> #DIV/0! | AI37: =IF(D37=0,0,B37-I37) -> 0 | AJ37: =AI37-AA37-AB37 -> 0 | AK37: =D37-F37 -> 0 | AL37: =IF(D37=0,"0%",AK37/D37) -> 0% | AM37: =IF(AI37=0,"0%",(AI37-AB37)/AI37) -> 0% | AN37: =IF(AI37=0,"0%",E37/AJ37) -> 0% | AO37: =IF(AI37=0,"0%",AJ37/AI37) -> 0% | AP37: =AL37*AN37*AO37 -> 0 | AQ37: =IF(AD37=0,"-",AI37/AD37) -> - | AR37: =IF(AD37=0,"-",AB37/AD37) -> - | AS37: =IF(AE37=0,"-",AI37/AE37) -> - | AT37: =IF(AE37=0,"-",AC37/AE37) -> - | AU37: =IF(AG37=0,"-",AF37/AG37) -> -
A38: 合计 | B38: =SUM(B7:B37) -> 0 | C38: =SUM(C7:C37) -> 0 | D38: =SUM(D7:D37) -> 0 | E38: =SUM(E7:E37) -> 0 | F38: =SUM(F7:F37) -> 0 | G38: =SUM(G7:G37) -> 0 | H38: =SUM(H7:H37) -> 0 | I38: =SUM(I7:I37) -> 0 | ... AG38: =SUM(AG7:AG37) -> 0 | AH38: =IF(H38=1440,"0%",(B38-H38)/B38) -> #DIV/0! | AI38: =SUM(AI7:AI37) -> 0 | AJ38: =SUM(AJ7:AJ37) -> 0 | AK38: =SUM(AK7:AK37) -> 0 | AL38: =IF(D38=0,"0%",AK38/D38) -> 0% | AM38: =IF(AI38=0,"0%",(AI38-AB38)/AI38) -> 0% | AN38: =IF(AI38=0,"0%",E38/AJ38) -> 0% | AO38: =IF(AI38=0,"0%",AJ38/AI38) -> 0% | AP38: =AL38*AN38*AO38 -> 0 | AQ38: =IF(AD38=0,"-",AI38/AD38) -> - | AR38: =IF(AD38=0,"-",AB38/AD38) -> - | AS38: =IF(AE38=0,"-",AI38/AE38) -> - | AT38: =IF(AE38=0,"-",AC38/AE38) -> - | AU38: =IF(AG38=0,"-",AF38/AG38) -> -
A39: 天数 | B39: =COUNTA(B7:B37) -> 0 | C39: =COUNTA(C7:C37) -> 0 | D39: =COUNTA(D7:D37) -> 0 | E39: =COUNTA(E7:E37) -> 0 | F39: =COUNTA(F7:F37) -> 0 | G39: =COUNTA(G7:G37) -> 0 | H39: =COUNTA(H7:H37) -> 0 | I39: =COUNTA(I7:I37) -> 0 | ... Y39: =COUNTA(Y7:Y37) -> 0 | AB39: =COUNTA(AB7:AB37) -> 0 | AC39: =COUNTA(AC7:AC37) -> 0 | AD39: =COUNTA(AD7:AD37) -> 0 | AE39: =COUNTA(AE7:AE37) -> 0 | AF39: =COUNTA(AF7:AF37) -> 0 | AG39: =COUNTA(AG7:AG37) -> 0 | AH39: =IF(H39=1440,"0%",(B39-H39)/B39) -> #DIV/0! | AI39: =B39-I39 -> 0 | AJ39: =C39-J39 -> 0 | AK39: =D39-K39 -> 0 | AL39: =IF(D39=0,"0%",AK39/D39) -> 0% | AM39: =IF(AI39=0,"0%",(AI39-AB39)/AI39) -> 0% | AN39: =IF(AI39=0,"0%",E39/AJ39) -> 0% | AO39: =IF(AI39=0,"0%",AJ39/AI39) -> 0% | AP39: =AL39*AN39*AO39 -> 0 | AR39: =IF(AD39=0,"-",AB39/AD39) -> - | AS39: =IF(AE39=0,"-",AI39/AE39) -> - | AT39: =IF(AE39=0,"-",AC39/AE39) -> - | AU39: =IF(AG39=0,"-",AF39/AG39) -> -
A40: 平均 | B40: =B38/$D$39 -> #DIV/0! | C40: =C38/$D$39 -> #DIV/0! | D40: =D38/$D$39 -> #DIV/0! | E40: =E38/$D$39 -> #DIV/0! | F40: =F38/$D$39 -> #DIV/0! | G40: =G38/$D$39 -> #DIV/0! | H40: =H38/$D$39 -> #DIV/0! | I40: =I38/$D$39 -> #DIV/0! | ... Y40: =Y38/$D$39 -> #DIV/0! | AB40: =AB38/$D$39 -> #DIV/0! | AC40: =AC38/$D$39 -> #DIV/0! | AD40: =AD38/$D$39 -> #DIV/0! | AE40: =AE38/$D$39 -> #DIV/0! | AF40: =AF38/$D$39 -> #DIV/0! | AG40: =AG38/$D$39 -> #DIV/0! | AH40: =IF(H40=1440,"0%",(B40-H40)/B40) -> #DIV/0! | AI40: =B40-I40 -> #DIV/0! | AJ40: =C40-J40 -> #DIV/0! | AK40: =D40-K40 -> #DIV/0! | AL40: =IF(D40=0,"0%",AK40/D40) -> #DIV/0! | AM40: =IF(AI40=0,"0%",(AI40-AB40)/AI40) -> #DIV/0! | AN40: =IF(AI40=0,"0%",E40/AJ40) -> #DIV/0! | AO40: =IF(AI40=0,"0%",AJ40/AI40) -> #DIV/0! | AP40: =AL40*AN40*AO40 -> #DIV/0! | AR40: =IF(AD40=0,"-",AB40/AD40) -> #DIV/0! | AS40: =IF(AE40=0,"-",AI40/AE40) -> #DIV/0! | AT40: =IF(AE40=0,"-",AC40/AE40) -> #DIV/0! | AU40: =IF(AG40=0,"-",AF40/AG40) -> #DIV/0!

Sheet 推移图
C1: 1 | D1: 2 | E1: 3 | F1: 4 | G1: 5 | H1: 6 | I1: 7 | J1: 8 | K1: 9 | L1: 10 | M1: 11 | N1: 12 | O1: 13 | P1: 14 | Q1: 15 | R1: 16 | S1: 17 | T1: 18 | U1: 19 | V1: 20 | W1: 21 | X1: 22 | Y1: 23 | Z1: 24 | AA1: 25 | AB1: 26 | AC1: 27 | AD1: 28 | AE1: 29 | AF1: 30 | AG1: 31 | AH1: 月度
A2: 产出工时(min) | C2: =OEE总综合效率表!E7 -> 0 | D2: =OEE总综合效率表!E8 -> 0 | E2: =OEE总综合效率表!E9 -> 0 | F2: =OEE总综合效率表!E10 -> 0 | G2: =OEE总综合效率表!E11 -> 0 | H2: =OEE总综合效率表!E12 -> 0 | I2: =OEE总综合效率表!E13 -> 0 | J2: =OEE总综合效率表!E14 -> 0 | K2: =OEE总综合效率表!E15 -> 0 | L2: =OEE总综合效率表!E16 -> 0 | M2: =OEE总综合效率表!E17 -> 0 | N2: =OEE总综合效率表!E18 -> 0 | O2: =OEE总综合效率表!E19 -> 0 | P2: =OEE总综合效率表!E20 -> 0 | Q2: =OEE总综合效率表!E21 -> 0 | R2: =OEE总综合效率表!E22 -> 0 | S2: =OEE总综合效率表!E23 -> 0 | T2: =OEE总综合效率表!E24 -> 0 | U2: =OEE总综合效率表!E25 -> 0 | V2: =OEE总综合效率表!E26 -> 0 | W2: =OEE总综合效率表!E27 -> 0 | X2: =OEE总综合效率表!E28 -> 0 | Y2: =OEE总综合效率表!E29 -> 0 | Z2: =OEE总综合效率表!E30 -> 0 | AA2: =OEE总综合效率表!E31 -> 0 | AB2: =OEE总综合效率表!E32 -> 0 | AC2: =OEE总综合效率表!E33 -> 0 | AD2: =OEE总综合效率表!E34 -> 0 | AE2: =OEE总综合效率表!E35 -> 0 | AF2: =OEE总综合效率表!E36 -> 0 | AG2: =OEE总综合效率表!E37 -> 0 | AH2: =SUM(C2:AG2) -> 0
A3: 负荷时间(min) | C3: =OEE总综合效率表!AI7 -> 0 | D3: =OEE总综合效率表!AI8 -> 0 | E3: =OEE总综合效率表!AI9 -> 0 | F3: =OEE总综合效率表!AI10 -> 0 | G3: =OEE总综合效率表!AI11 -> 0 | H3: =OEE总综合效率表!AI12 -> 0 | I3: =OEE总综合效率表!AI13 -> 0 | J3: =OEE总综合效率表!AI14 -> 0 | K3: =OEE总综合效率表!AI15 -> 0 | L3: =OEE总综合效率表!AI16 -> 0 | M3: =OEE总综合效率表!AI17 -> 0 | N3: =OEE总综合效率表!AI18 -> 0 | O3: =OEE总综合效率表!AI19 -> 0 | P3: =OEE总综合效率表!AI20 -> 0 | Q3: =OEE总综合效率表!AI21 -> 0 | R3: =OEE总综合效率表!AI22 -> 0 | S3: =OEE总综合效率表!AI23 -> 0 | T3: =OEE总综合效率表!AI24 -> 0 | U3: =OEE总综合效率表!AI25 -> 0 | V3: =OEE总综合效率表!AI26 -> 0 | W3: =OEE总综合效率表!AI27 -> 0 | X3: =OEE总综合效率表!AI28 -> 0 | Y3: =OEE总综合效率表!AI29 -> 0 | Z3: =OEE总综合效率表!AI30 -> 0 | AA3: =OEE总综合效率表!AI31 -> 0 | AB3: =OEE总综合效率表!AI32 -> 0 | AC3: =OEE总综合效率表!AI33 -> 0 | AD3: =OEE总综合效率表!AI34 -> 0 | AE3: =OEE总综合效率表!AI35 -> 0 | AF3: =OEE总综合效率表!AI36 -> 0 | AG3: =OEE总综合效率表!AI37 -> 0 | AH3: =SUM(C3:AG3) -> 0
A4: 实际稼动时间 (min) | C4: =OEE总综合效率表!AJ7 -> 0 | D4: =OEE总综合效率表!AJ8 -> 0 | E4: =OEE总综合效率表!AJ9 -> 0 | F4: =OEE总综合效率表!AJ10 -> 0 | G4: =OEE总综合效率表!AJ11 -> 0 | H4: =OEE总综合效率表!AJ12 -> 0 | I4: =OEE总综合效率表!AJ13 -> 0 | J4: =OEE总综合效率表!AJ14 -> 0 | K4: =OEE总综合效率表!AJ15 -> 0 | L4: =OEE总综合效率表!AJ16 -> 0 | M4: =OEE总综合效率表!AJ17 -> 0 | N4: =OEE总综合效率表!AJ18 -> 0 | O4: =OEE总综合效率表!AJ19 -> 0 | P4: =OEE总综合效率表!AJ20 -> 0 | Q4: =OEE总综合效率表!AJ21 -> 0 | R4: =OEE总综合效率表!AJ22 -> 0 | S4: =OEE总综合效率表!AJ23 -> 0 | T4: =OEE总综合效率表!AJ24 -> 0 | U4: =OEE总综合效率表!AJ25 -> 0 | V4: =OEE总综合效率表!AJ26 -> 0 | W4: =OEE总综合效率表!AJ27 -> 0 | X4: =OEE总综合效率表!AJ28 -> 0 | Y4: =OEE总综合效率表!AJ29 -> 0 | Z4: =OEE总综合效率表!AJ30 -> 0 | AA4: =OEE总综合效率表!AJ31 -> 0 | AB4: =OEE总综合效率表!AJ32 -> 0 | AC4: =OEE总综合效率表!AJ33 -> 0 | AD4: =OEE总综合效率表!AJ34 -> 0 | AE4: =OEE总综合效率表!AJ35 -> 0 | AF4: =OEE总综合效率表!AJ36 -> 0 | AG4: =OEE总综合效率表!AJ37 -> 0 | AH4: =SUM(C4:AG4) -> 0
A5: 实际产出件数 | C5: =OEE总综合效率表!D7 -> 0 | D5: =OEE总综合效率表!D8 -> 0 | E5: =OEE总综合效率表!D9 -> 0 | F5: =OEE总综合效率表!D10 -> 0 | G5: =OEE总综合效率表!D11 -> 0 | H5: =OEE总综合效率表!D12 -> 0 | I5: =OEE总综合效率表!D13 -> 0 | J5: =OEE总综合效率表!D14 -> 0 | K5: =OEE总综合效率表!D15 -> 0 | L5: =OEE总综合效率表!D16 -> 0 | M5: =OEE总综合效率表!D17 -> 0 | N5: =OEE总综合效率表!D18 -> 0 | O5: =OEE总综合效率表!D19 -> 0 | P5: =OEE总综合效率表!D20 -> 0 | Q5: =OEE总综合效率表!D21 -> 0 | R5: =OEE总综合效率表!D22 -> 0 | S5: =OEE总综合效率表!D23 -> 0 | T5: =OEE总综合效率表!D24 -> 0 | U5: =OEE总综合效率表!D25 -> 0 | V5: =OEE总综合效率表!D26 -> 0 | W5: =OEE总综合效率表!D27 -> 0 | X5: =OEE总综合效率表!D28 -> 0 | Y5: =OEE总综合效率表!D29 -> 0 | Z5: =OEE总综合效率表!D30 -> 0 | AA5: =OEE总综合效率表!D31 -> 0 | AB5: =OEE总综合效率表!D32 -> 0 | AC5: =OEE总综合效率表!D33 -> 0 | AD5: =OEE总综合效率表!D34 -> 0 | AE5: =OEE总综合效率表!D35 -> 0 | AF5: =OEE总综合效率表!D36 -> 0 | AG5: =OEE总综合效率表!D37 -> 0 | AH5: =SUM(C5:AG5) -> 0
A6: 不良品件数 | C6: =OEE总综合效率表!F7 -> 0 | D6: =OEE总综合效率表!F8 -> 0 | E6: =OEE总综合效率表!F9 -> 0 | F6: =OEE总综合效率表!F10 -> 0 | G6: =OEE总综合效率表!F11 -> 0 | H6: =OEE总综合效率表!F12 -> 0 | I6: =OEE总综合效率表!F13 -> 0 | J6: =OEE总综合效率表!F14 -> 0 | K6: =OEE总综合效率表!F15 -> 0 | L6: =OEE总综合效率表!F16 -> 0 | M6: =OEE总综合效率表!F17 -> 0 | N6: =OEE总综合效率表!F18 -> 0 | O6: =OEE总综合效率表!F19 -> 0 | P6: =OEE总综合效率表!F20 -> 0 | Q6: =OEE总综合效率表!F21 -> 0 | R6: =OEE总综合效率表!F22 -> 0 | S6: =OEE总综合效率表!F23 -> 0 | T6: =OEE总综合效率表!F24 -> 0 | U6: =OEE总综合效率表!F25 -> 0 | V6: =OEE总综合效率表!F26 -> 0 | W6: =OEE总综合效率表!F27 -> 0 | X6: =OEE总综合效率表!F28 -> 0 | Y6: =OEE总综合效率表!F29 -> 0 | Z6: =OEE总综合效率表!F30 -> 0 | AA6: =OEE总综合效率表!F31 -> 0 | AB6: =OEE总综合效率表!F32 -> 0 | AC6: =OEE总综合效率表!F33 -> 0 | AD6: =OEE总综合效率表!F34 -> 0 | AE6: =OEE总综合效率表!F35 -> 0 | AF6: =OEE总综合效率表!F36 -> 0 | AG6: =OEE总综合效率表!F37 -> 0 | AH6: =SUM(C6:AG6) -> 0
A7: 良品率(%) | C7: =IF(C5=0,"0%",(C5-C6)/C5) -> 0% | D7: =IF(D5=0,"0%",(D5-D6)/D5) -> 0% | E7: =IF(E5=0,"0%",(E5-E6)/E5) -> 0% | F7: =IF(F5=0,"0%",(F5-F6)/F5) -> 0% | G7: =IF(G5=0,"0%",(G5-G6)/G5) -> 0% | H7: =IF(H5=0,"0%",(H5-H6)/H5) -> 0% | I7: =IF(I5=0,"0%",(I5-I6)/I5) -> 0% | J7: =IF(J5=0,"0%",(J5-J6)/J5) -> 0% | ... AG7: =IF(AG5=0,"0%",(AG5-AG6)/AG5) -> 0% | AH7: =(AH5-AH6)/AH5 -> #DIV/0!
A8: 性能稼动率(%) | C8: =IF(C2=0,"0%",C2/C4) -> 0% | D8: =IF(D2=0,"0%",D2/D4) -> 0% | E8: =IF(E2=0,"0%",E2/E4) -> 0% | F8: =IF(F2=0,"0%",F2/F4) -> 0% | G8: =IF(G2=0,"0%",G2/G4) -> 0% | H8: =IF(H2=0,"0%",H2/H4) -> 0% | I8: =IF(I2=0,"0%",I2/I4) -> 0% | J8: =IF(J2=0,"0%",J2/J4) -> 0% | ... AG8: =IF(AG2=0,"0%",AG2/AG4) -> 0% | AH8: =AH2/AH4 -> #DIV/0!
A9: 时间稼动率(%) | C9: =IF(C3=0,"0%",C4/C3) -> 0% | D9: =IF(D3=0,"0%",D4/D3) -> 0% | E9: =IF(E3=0,"0%",E4/E3) -> 0% | F9: =IF(F3=0,"0%",F4/F3) -> 0% | G9: =IF(G3=0,"0%",G4/G3) -> 0% | H9: =IF(H3=0,"0%",H4/H3) -> 0% | I9: =IF(I3=0,"0%",I4/I3) -> 0% | J9: =IF(J3=0,"0%",J4/J3) -> 0% | ... AG9: =IF(AG3=0,"0%",AG4/AG3) -> 0% | AH9: =AH4/AH3 -> #DIV/0!
A10: OEE(%) | C10: =C7*C8*C9 -> 0 | D10: =D7*D8*D9 -> 0 | E10: =E7*E8*E9 -> 0 | F10: =F7*F8*F9 -> 0 | G10: =G7*G8*G9 -> 0 | H10: =H7*H8*H9 -> 0 | I10: =I7*I8*I9 -> 0 | J10: =J7*J8*J9 -> 0 | ... AH10: =AH7*AH8*AH9 -> #DIV/0!
